<?xml version="1.0" encoding="UTF-8" standalone="yes"?>
<service xmlns="http://www.activegrid.com/namespaces/ServiceDefinitions/1.0" id="DocumentsFacade" class="com.los.documents.DocumentsFacade" CRUDService="false" type="JavaService" springFile="DocumentsFacade.spring.xml">
    <operation name="getDocsList">
        <return typeRef="com.dbgwfloansdb.data.Tbdocuments" isList="true"/>
    </operation>
    <operation name="sampleJavaOperation">
        <return typeRef="java.lang.String" isList="false"/>
    </operation>
    <operation name="saveDocument">
        <parameter name="id" typeRef="java.lang.String" isList="false"/>
        <parameter name="document" typeRef="java.lang.String" isList="false"/>
        <parameter name="remarks" typeRef="java.lang.String" isList="false"/>
    </operation>
    <dataobjects/>
</service>
