<?xml version="1.0" encoding="UTF-8" standalone="yes"?>
<service xmlns="http://www.activegrid.com/namespaces/ServiceDefinitions/1.0" id="CodesFacade" class="com.los.codes.CodesFacade" CRUDService="false" type="JavaService" springFile="CodesFacade.spring.xml">
    <operation name="deleteCode">
        <parameter name="id" typeRef="java.lang.String" isList="false"/>
    </operation>
    <operation name="getCodenameList">
        <return typeRef="com.dbgwfloansdb.data.Tbcodename" isList="true"/>
    </operation>
    <operation name="getCodesList">
        <return typeRef="com.dbgwfloansdb.data.Tbcodes" isList="true"/>
    </operation>
    <operation name="getSpecificCodesList">
        <parameter name="codename" typeRef="java.lang.String" isList="false"/>
        <return typeRef="com.dbgwfloansdb.data.Tbcodes" isList="true"/>
    </operation>
    <operation name="sampleJavaOperation">
        <return typeRef="java.lang.String" isList="false"/>
    </operation>
    <operation name="saveCode">
        <parameter name="codename" typeRef="java.lang.String" isList="false"/>
        <parameter name="codevalue" typeRef="java.lang.String" isList="false"/>
        <parameter name="desc1" typeRef="java.lang.String" isList="false"/>
        <parameter name="desc2" typeRef="java.lang.String" isList="false"/>
        <parameter name="remarks" typeRef="java.lang.String" isList="false"/>
        <parameter name="id" typeRef="java.lang.String" isList="false"/>
    </operation>
    <operation name="saveCodename">
        <parameter name="codename" typeRef="java.lang.String" isList="false"/>
    </operation>
    <dataobjects/>
</service>
