<?xml version="1.0" encoding="UTF-8" standalone="yes"?>
<service xmlns="http://www.activegrid.com/namespaces/ServiceDefinitions/1.0" id="BranchFacade" class="com.los.branch.BranchFacade" CRUDService="false" type="JavaService" springFile="BranchFacade.spring.xml">
    <operation name="deleteBranch">
        <parameter name="brcode" typeRef="java.lang.String" isList="false"/>
    </operation>
    <operation name="getBranchList">
        <return typeRef="com.dbgwfloansdb.data.Tbbranch" isList="true"/>
    </operation>
    <operation name="sampleJavaOperation">
        <return typeRef="java.lang.String" isList="false"/>
    </operation>
    <operation name="saveBranch">
        <parameter name="brcode" typeRef="java.lang.String" isList="false"/>
        <parameter name="brname" typeRef="java.lang.String" isList="false"/>
        <parameter name="braddress" typeRef="java.lang.String" isList="false"/>
        <parameter name="brtype" typeRef="java.lang.String" isList="false"/>
        <parameter name="brstatus" typeRef="java.lang.String" isList="false"/>
    </operation>
    <dataobjects/>
</service>
