<?xml version="1.0" encoding="UTF-8" standalone="yes"?>
<beans xsi:schemaLocation="http://schema.cloudfoundry.org/spring http://schema.cloudfoundry.org/spring/cloudfoundry-spring-0.8.xsd http://www.springframework.org/schema/beans http://www.springframework.org/schema/beans/spring-beans-3.1.xsd" xmlns="http://www.springframework.org/schema/beans" xmlns:cloud="http://schema.cloudfoundry.org/spring" xmlns:xsi="http://www.w3.org/2001/XMLSchema-instance">
    <import resource="classpath:BranchFacade.spring.xml"/>
    <import resource="classpath:CodesFacade.spring.xml"/>
    <import resource="classpath:DocumentsFacade.spring.xml"/>
    <import resource="classpath:LoanProductFacade.spring.xml"/>
    <import resource="classpath:RoleFacade.spring.xml"/>
    <import resource="classpath:UserFacade.spring.xml"/>
    <import resource="classpath:dbgwfloansDB.spring.xml"/>
    <import resource="classpath:securityService.spring.xml"/>
    <import resource="classpath:runtimeService.spring.xml"/>
    <import resource="classpath:waveMakerService.spring.xml"/>
</beans>
