<?xml version="1.0" encoding="UTF-8" standalone="yes"?>
<beans xsi:schemaLocation="http://schema.cloudfoundry.org/spring http://schema.cloudfoundry.org/spring/cloudfoundry-spring-0.8.xsd http://www.springframework.org/schema/beans http://www.springframework.org/schema/beans/spring-beans-3.1.xsd" xmlns="http://www.springframework.org/schema/beans" xmlns:cloud="http://schema.cloudfoundry.org/spring" xmlns:xsi="http://www.w3.org/2001/XMLSchema-instance">
    <bean class="com.wavemaker.runtime.service.TypeManager" parent="typeManagerBase" scope="singleton" id="typeManager">
        <property name="types">
            <map merge="true">
                <entry key="BranchFacade">
                    <list/>
                </entry>
                <entry key="CodesFacade">
                    <list/>
                </entry>
                <entry key="DocumentsFacade">
                    <list/>
                </entry>
                <entry key="LoanProductFacade">
                    <list/>
                </entry>
                <entry key="RoleFacade">
                    <list/>
                </entry>
                <entry key="UserFacade">
                    <list>
                        <value>java.util.Date</value>
                    </list>
                </entry>
                <entry key="dbgwfloansDB">
                    <list>
                        <value>com.dbgwfloansdb.data.Tbbranch</value>
                        <value>com.dbgwfloansdb.data.Tbcodename</value>
                        <value>com.dbgwfloansdb.data.Tbcodes</value>
                        <value>com.dbgwfloansdb.data.Tbdocuments</value>
                        <value>com.dbgwfloansdb.data.Tbloanproducts</value>
                        <value>com.dbgwfloansdb.data.Tbrole</value>
                        <value>com.dbgwfloansdb.data.Tbuser</value>
                    </list>
                </entry>
                <entry key="securityService">
                    <list/>
                </entry>
            </map>
        </property>
    </bean>
</beans>
