<?xml version="1.0" encoding="UTF-8" standalone="yes"?>
<service xmlns="http://www.activegrid.com/namespaces/ServiceDefinitions/1.0" id="RoleFacade" class="com.los.role.RoleFacade" CRUDService="false" type="JavaService" springFile="RoleFacade.spring.xml">
    <operation name="getRoleList">
        <return typeRef="com.dbgwfloansdb.data.Tbrole" isList="true"/>
    </operation>
    <operation name="sampleJavaOperation">
        <return typeRef="java.lang.String" isList="false"/>
    </operation>
    <operation name="saveRole">
        <parameter name="role" typeRef="java.lang.String" isList="false"/>
        <parameter name="desc" typeRef="java.lang.String" isList="false"/>
        <parameter name="id" typeRef="java.lang.String" isList="false"/>
    </operation>
    <dataobjects/>
</service>
