<?xml version="1.0" encoding="UTF-8" standalone="yes"?>
<service xmlns="http://www.activegrid.com/namespaces/ServiceDefinitions/1.0" id="dbgwfloansDB" class="com.dbgwfloansdb.DbgwfloansDB" CRUDService="true" type="DataService" springFile="dbgwfloansDB.spring.xml">
    <operation operationType="hqlquery" name="getTbcodenameById">
        <parameter name="id" typeRef="java.lang.String" isList="false"/>
        <return typeRef="com.dbgwfloansdb.data.Tbcodename" isList="false"/>
    </operation>
    <dataobjects>
        <dataobject javaType="com.dbgwfloansdb.data.Tbbranch" supportsQuickData="true">
            <element name="brcode" typeRef="java.lang.String" isList="false" allowNull="false">
                <require>delete</require>
                <require>read</require>
                <require>update</require>
                <require>insert</require>
                <noChange>delete</noChange>
                <noChange>read</noChange>
                <noChange>update</noChange>
            </element>
            <element name="brname" typeRef="java.lang.String" isList="false" allowNull="false"/>
            <element name="braddress" typeRef="java.lang.String" isList="false" allowNull="true"/>
            <element name="brtype" typeRef="java.lang.String" isList="false" allowNull="true"/>
            <element name="brstatus" typeRef="java.lang.String" isList="false" allowNull="true"/>
        </dataobject>
        <dataobject javaType="com.dbgwfloansdb.data.Tbcodename" supportsQuickData="true">
            <element name="codename" typeRef="java.lang.String" isList="false" allowNull="false">
                <require>delete</require>
                <require>read</require>
                <require>update</require>
                <require>insert</require>
                <noChange>delete</noChange>
                <noChange>read</noChange>
                <noChange>update</noChange>
            </element>
        </dataobject>
        <dataobject javaType="com.dbgwfloansdb.data.Tbcodes" supportsQuickData="true">
            <element name="codeId" typeRef="java.lang.Integer" isList="false" allowNull="false">
                <require>delete</require>
                <require>read</require>
                <require>update</require>
                <noChange>delete</noChange>
                <noChange>read</noChange>
                <noChange>update</noChange>
                <exclude>insert</exclude>
            </element>
            <element name="codename" typeRef="java.lang.String" isList="false" allowNull="false"/>
            <element name="codevalue" typeRef="java.lang.String" isList="false" allowNull="false"/>
            <element name="codedesc1" typeRef="java.lang.String" isList="false" allowNull="false"/>
            <element name="codedesc2" typeRef="java.lang.String" isList="false" allowNull="true"/>
            <element name="remarks" typeRef="java.lang.String" isList="false" allowNull="true"/>
        </dataobject>
        <dataobject javaType="com.dbgwfloansdb.data.Tbdocuments" supportsQuickData="true">
            <element name="docId" typeRef="java.lang.Integer" isList="false" allowNull="false">
                <require>delete</require>
                <require>read</require>
                <require>update</require>
                <noChange>delete</noChange>
                <noChange>read</noChange>
                <noChange>update</noChange>
                <exclude>insert</exclude>
            </element>
            <element name="document" typeRef="java.lang.String" isList="false" allowNull="false"/>
            <element name="remarks" typeRef="java.lang.String" isList="false" allowNull="true"/>
        </dataobject>
        <dataobject javaType="com.dbgwfloansdb.data.Tbloanproducts" supportsQuickData="true">
            <element name="prodCode" typeRef="java.lang.String" isList="false" allowNull="false">
                <require>delete</require>
                <require>read</require>
                <require>update</require>
                <require>insert</require>
                <noChange>delete</noChange>
                <noChange>read</noChange>
                <noChange>update</noChange>
            </element>
            <element name="productName" typeRef="java.lang.String" isList="false" allowNull="true"/>
            <element name="productType" typeRef="java.lang.String" isList="false" allowNull="true"/>
            <element name="minIr" typeRef="java.lang.Float" isList="false" allowNull="true"/>
            <element name="maxIr" typeRef="java.lang.Float" isList="false" allowNull="true"/>
            <element name="minLoanAmount" typeRef="java.math.BigDecimal" isList="false" allowNull="true"/>
            <element name="maxLoanAmount" typeRef="java.math.BigDecimal" isList="false" allowNull="true"/>
            <element name="minDprequired" typeRef="java.math.BigDecimal" isList="false" allowNull="true"/>
            <element name="comakerrequired" typeRef="java.lang.Boolean" isList="false" allowNull="true"/>
            <element name="interestbaseyear" typeRef="java.lang.String" isList="false" allowNull="true"/>
            <element name="lastupdated" typeRef="java.util.Date" isList="false" allowNull="true"/>
            <element name="productgroup" typeRef="java.lang.String" isList="false" allowNull="true"/>
        </dataobject>
        <dataobject javaType="com.dbgwfloansdb.data.Tbrole" supportsQuickData="true">
            <element name="roleId" typeRef="java.lang.Integer" isList="false" allowNull="false">
                <require>delete</require>
                <require>read</require>
                <require>update</require>
                <noChange>delete</noChange>
                <noChange>read</noChange>
                <noChange>update</noChange>
                <exclude>insert</exclude>
            </element>
            <element name="rolename" typeRef="java.lang.String" isList="false" allowNull="false"/>
            <element name="roledesc" typeRef="java.lang.String" isList="false" allowNull="true"/>
        </dataobject>
        <dataobject javaType="com.dbgwfloansdb.data.Tbuser" supportsQuickData="true">
            <element name="userId" typeRef="java.lang.Integer" isList="false" allowNull="false">
                <require>delete</require>
                <require>read</require>
                <require>update</require>
                <noChange>delete</noChange>
                <noChange>read</noChange>
                <noChange>update</noChange>
                <exclude>insert</exclude>
            </element>
            <element name="username" typeRef="java.lang.String" isList="false" allowNull="false"/>
            <element name="password" typeRef="java.lang.String" isList="false" allowNull="false"/>
            <element name="lastname" typeRef="java.lang.String" isList="false" allowNull="false"/>
            <element name="firstname" typeRef="java.lang.String" isList="false" allowNull="false"/>
            <element name="middlename" typeRef="java.lang.String" isList="false" allowNull="true"/>
            <element name="role" typeRef="java.lang.String" isList="false" allowNull="true"/>
            <element name="status" typeRef="java.lang.String" isList="false" allowNull="true"/>
            <element name="expirydate" typeRef="java.util.Date" isList="false" allowNull="true"/>
            <element name="lastlogindate" typeRef="java.util.Date" isList="false" allowNull="true"/>
            <element name="branch" typeRef="java.lang.String" isList="false" allowNull="true"/>
        </dataobject>
    </dataobjects>
</service>
