[
	{
		"name": "Custom Widgets", 
		"category": true
	}, 
	{
		"name": "SubmitButton", 
		"parentName": "Buttons", 
		"classList": [
			{
				"dataValue": "wm.Button"
			}
		]
	}, 
	{
		"name": "GWF", 
		"parentName": "Editors", 
		"classList": [
			{
				"dataValue": "wm.Text"
			}
		], 
		"customProps": {
			"desktopHeight": "30px"
		}
	}, 
	{
		"name": "GWF1", 
		"parentName": "Editors", 
		"classList": [
			{
				"dataValue": "wm.Text"
			}, 
			{
				"dataValue": "wm.LargeTextArea"
			}, 
			{
				"dataValue": "wm.Number"
			}, 
			{
				"dataValue": "wm.Currency"
			}, 
			{
				"dataValue": "wm.SelectMenu"
			}, 
			{
				"dataValue": "wm.Lookup"
			}, 
			{
				"dataValue": "wm.FilteringLookup"
			}, 
			{
				"dataValue": "wm.Date"
			}, 
			{
				"dataValue": "wm.Time"
			}, 
			{
				"dataValue": "wm.DateTime"
			}, 
			{
				"dataValue": "wm.Checkbox"
			}, 
			{
				"dataValue": "wm.RadioButton"
			}, 
			{
				"dataValue": "wm.RichText"
			}, 
			{
				"dataValue": "wm.Date"
			}, 
			{
				"dataValue": "wm.CheckboxSet"
			}, 
			{
				"dataValue": "wm.RadioSet"
			}, 
			{
				"dataValue": "wm.ListSet"
			}, 
			{
				"dataValue": "wm.Slider"
			}
		], 
		"customProps": {
			"desktopHeight": "30px", 
			"width": "400px", 
			"captionSize": "150px"
		}
	}, 
	{
		"name": "GWF1Button", 
		"parentName": "Buttons", 
		"classList": [
			{
				"dataValue": "wm.Button"
			}
		]
	}, 
	{
		"name": "GWF1Grid", 
		"parentName": "Grids", 
		"classList": [
			{
				"dataValue": "wm.DojoGrid"
			}, 
			{
				"dataValue": "wm.List"
			}
		]
	}, 
	{
		"name": "panel1", 
		"parentName": "Panel", 
		"classList": [
			{
				"dataValue": "wm.Panel"
			}
		]
	}, 
	{
		"name": "tabs1", 
		"parentName": "Tabs", 
		"classList": [
			{
				"dataValue": "wm.TabLayers"
			}
		], 
		"customProps": {
			"borderColor": "#3e3838", 
			"border": 2, 
			"headerHeight": "30px"
		}
	}
]